301|Mr. Amitabh Sharma|amit12|Library
302|Mrs. Meenal Deshpande|meenal12|Library
303|Mrs. Anupama Nair|nair12|Library
304|Mr. Vikram Choudhary|vikram12|Library
305|Mr. Suresh Menon|smenon12|Library
306|Test Librarian|tlib123|Library